LGA,State,Case,Year
Bauchi,Bauchi,9336,2021
Toro,Bauchi,1921,2021
Ganjuwa,Bauchi,1311,2021
Tafawa-Balewa,Bauchi,1107,2021
Ningi,Bauchi,860,2021
Maiduguri,Borno,1658,2021
Sumaila,Kano,1923,2021
Funtua,Katsina,2046,2021
Gwadabawa,Sokoto,969,2021
Dange Shuni,Sokoto,958,2021
Damaturu,Yobe,896,2021
Zurmi,Zamfara,2889,2021
Anka,Zamfara,2637,2021
Shinkafi,Zamfara,2342,2021
Gusau,Zamfara,2012,2021
